similarity,distance_m,a_id,a_name,a_slug,a_island,a_type,a_categories,a_google_id,a_rating,b_id,b_name,b_slug,b_island,b_type,b_categories,b_google_id,b_rating,recommended_action
0.74,196,ba10124b-d115-4390-932f-5a644af4ac28,Sandhamns Vardshus,sandhamns-vardshus,Sandhamn,restaurant,restaurant|breakfast|harbor_stop,,,913ae3cd-ef68-40de-852e-4e88775bf595,Sandhamns Värdshus,sandhamn-sandhamns-vardshus,Sandhamn,hotel,accommodation|bnb,ChIJv0shaRB09UYRnLQ3Jv5-Khs,4.4,"behåll B (913ae3cd…), radera A"
0.72,0,167cd2b6-5eb8-45ed-a025-4ffa4b22f0a0,Blidö Värdshus,blido-vardshus,Blidö,restaurant,,,,4f7ec910-0dc7-4112-bef9-87ddea5ba1d4,Lidö Värdshus,lido-vardshus,Lidö,restaurant,restaurant|harbor_stop|hidden_gem,ChIJadlAAX6dX0YRXafo67BJgAU,4.3,"behåll B (4f7ec910…), radera A"
0.64,0,4f7ec910-0dc7-4112-bef9-87ddea5ba1d4,Lidö Värdshus,lido-vardshus,Lidö,restaurant,restaurant|harbor_stop|hidden_gem,ChIJadlAAX6dX0YRXafo67BJgAU,4.3,03a63701-dd91-4bb1-a7bb-ba70b884cf5a,Lidö Värdshus (STF),lido-lido-vardshus-stf,Lidö,hotel,accommodation|hostel,,,"behåll A (4f7ec910…), radera B"
0.56,143,8a0089ce-c568-41b1-8f01-69dc0e79679f,Lilla Trouville Stranden,lilla-trouville-stranden,,beach,,,,9b08f6e4-c96d-446f-a96f-654cd5dd253a,Stora Trouvillestranden,stora-trouvillestranden,,beach,,ChIJ94E0Smx19UYRkHTBdIXTna4,4.6,"behåll B (9b08f6e4…), radera A"
0.53,29,ab9c5251-18bb-4016-8f12-796a432d23c7,Bakfickan Utö,bakfickan-uto,Utö,restaurant,restaurant|lunch_stop|family_stop,ChIJzQw1X3eM9UYRn1XHJfUuHuE,3.7,05bec40e-3d67-4714-bdcc-64aeb46dbb07,Utö Bakficka,uto-bakficka,Utö,restaurant,,,,"behåll A (ab9c5251…), radera B"
0.48,24,cbef9c2e-538b-4648-9d91-ad446482f767,Restaurang Mamsell,restaurang-mamsell,Fjällbacka,restaurant,hamnkrog,ChIJ-z7C6Oa1RUYRt-Xr9dmGxdA,4.6,0159d6d4-b647-460a-bffe-594d23683237,Restaurang Matilda,restaurang-matilda,Fjällbacka,restaurant,hamnkrog,ChIJEeSUmsi0RUYRWtLjFCrt5uc,4.3,manuell granskning
0.48,0,167cd2b6-5eb8-45ed-a025-4ffa4b22f0a0,Blidö Värdshus,blido-vardshus,Blidö,restaurant,,,,03a63701-dd91-4bb1-a7bb-ba70b884cf5a,Lidö Värdshus (STF),lido-lido-vardshus-stf,Lidö,hotel,accommodation|hostel,,,manuell granskning
0.48,0,1bb6e111-fa43-441f-9ea8-c08433a0aa3f,Dalarö Skans Hotell,dalaro-dalaro-skans-hotell,Dalarö,hotel,accommodation|hotel,,,7fbc8f43-71d1-4c25-9a2d-f4e10c1091fb,Dalarö Skansen,dalaro-skansen,Dalarö,restaurant,,ChIJqbUlqmqG9UYRq4NM5To0Z20,4.4,"behåll B (7fbc8f43…), radera A"
0.46,151,df28421e-a7d9-42b4-a7d4-90098848868e,Norra Hamnen 5,norra-hamnen-5,Lysekil,restaurant,hamnkrog,ChIJT6G7GbSjRUYRxwR_9iCnLJE,4.5,0bdc32ab-b319-480e-82ff-1af574ac3e03,Norra Hamnens Gästhamn,norra-hamnens-gasthamn,Lysekil,harbor,gasthamn,ChIJ4SMFLZejRUYRD_vmxTPYlkU,4.1,manuell granskning
0.45,136,622e522d-d298-4060-aff8-64854619f833,Ingmarsö B&B,ingmarso-ingmarso-bochb,Ingmarsö,hotel,accommodation|bnb,ChIJL0soeZpl9UYRyI1Dg6bguC8,4.7,c700522e-224f-403a-8555-711e454cedba,Ingmarsö Café,ingmarso-cafe,Ingmarsö,restaurant,,,,"behåll A (622e522d…), radera B"
0.45,36,1f844881-18b8-4afb-9988-42499e700c59,Klintan,klintan,Ljusterö,restaurant,restaurant|harbor_stop|guest_harbor|fuel,ChIJr0Gb6zVh9UYRgB750hTwokE,4.2,0fd443cc-700e-4e2b-900b-5cc401b84bd9,Klintan sjöstation,klintan-sjöstation,Ljusterö,fuel,fuel|service_point,,,"behåll A (1f844881…), radera B"
0.43,159,e3b09f57-3418-4035-a889-9edb01424890,Gullholmens Gästhamn,gullholmens-gasthamn,Gullholmen,harbor,gasthamn,ChIJXf8B0CeZRUYReoEz6S5KqYI,4.4,240b8f1c-7fee-49ff-8544-3c4d6b3666ca,Gullholmens Krog,gullholmens-krog,Gullholmen,restaurant,restaurant|hidden_gem|historic,ChIJe7p-utiYRUYR-D_3L3y1PZo,3.9,manuell granskning
0.41,50,c87530e0-4065-4c85-8cae-aa4ab65bb968,Hamburgsunds Gästhamn,hamburgsunds-gasthamn,Hamburgsund,marina,marina|harbor_stop,ChIJsSSEzrK1RUYR_gWJPFgfWVQ,4.3,262ab44c-7461-4b31-96f3-21536dba7b0a,Hamburgsunds Värdshus,hamburgsunds-vardshus,Hamburgsund,restaurant,restaurant|harbor_stop,ChIJ0cTVQMi0RUYR1wlhQd5ZRV0,4.4,manuell granskning
0.40,41,2ce8c642-8fe8-4dd5-ac03-1fcb19051f43,Bara Smör Fjällbacka,bara-smor-fjallbacka,Fjällbacka,restaurant,hamnkrog,ChIJKTSWNey1RUYRELop6OU0cKM,5,a21593c3-8abd-4166-bb80-9ab45aa6741b,Bryggan Fjällbacka,bryggan-fjallbacka-bohuslan,,restaurant,cafe,ChIJy7p8hsi0RUYR6XAUS_XAEsQ,3.9,manuell granskning
0.40,197,41ee1cd0-6d9e-401a-9758-823dd8c46000,Ellös Hamn,ellos-hamn,Ellös,harbor,gasthamn,ChIJP7vQafmfRUYRHwBjSNINo_c,4.3,fa2b973d-6975-4728-a39e-27ec25790b73,Ellös havscafe,ellos-havscafe,Ellös,restaurant,hamnkrog,ChIJ5QUtDbOfRUYRc4akD20cta0,4,manuell granskning
0.39,113,ace6adb2-c3e7-4906-8331-f042b984c377,Restaurang Kroken,restaurang-kroken,Fjällbacka,restaurant,hamnkrog,ChIJoQphJsa0RUYRM0T1M92_c9c,4,cbef9c2e-538b-4648-9d91-ad446482f767,Restaurang Mamsell,restaurang-mamsell,Fjällbacka,restaurant,hamnkrog,ChIJ-z7C6Oa1RUYRt-Xr9dmGxdA,4.6,manuell granskning
0.39,99,ace6adb2-c3e7-4906-8331-f042b984c377,Restaurang Kroken,restaurang-kroken,Fjällbacka,restaurant,hamnkrog,ChIJoQphJsa0RUYRM0T1M92_c9c,4,0159d6d4-b647-460a-bffe-594d23683237,Restaurang Matilda,restaurang-matilda,Fjällbacka,restaurant,hamnkrog,ChIJEeSUmsi0RUYRWtLjFCrt5uc,4.3,manuell granskning
0.39,50,9260eaa7-7ad3-4f62-a38a-9241781c504c,Bullandö Krog,bullando-krog,Bullandö,restaurant,,ChIJ43MYF_SAX0YRNutEzwafWHI,4.6,3090fa05-3a95-482e-b891-3ebd3bc23a49,Bullandö Marina,bullanda-marina,Bullandö,fuel,fuel|guest_harbor|service_point|provisions,ChIJFTI9uwh59UYRdiGxbvrCYpA,4.5,manuell granskning
0.39,18,e61ac984-b972-43d2-8ac2-dc290807e068,Gällnö Bar,gallno-bar,Gällnö,bar,bar|harbor_stop|hidden_gem,ChIJ1R1Vx4J89UYR7oPNdAoQRVU,4.5,5751992a-f546-4daa-b5ae-de98de8893d2,Gällnö Krog,gallno-krog,Gällnö,restaurant,,,,"behåll A (e61ac984…), radera B"
0.38,46,8cf32cd2-4e3d-4b2a-9fa3-9f65eb9348d3,Öckerö hamn drivmedel,ockero-hamn-drivmedel,Öckerö,fuel,bensin,ChIJWZgyaPePT0YR4qykgeQXTzI,4.5,56246205-8b02-4b82-85ab-3f61170cbe92,Öckerö Hamncafé,ockero-hamncaf,Öckerö,restaurant,hamnkrog,ChIJCxUeVISPT0YR0XU1QeqC_L4,4.3,manuell granskning
0.37,49,8a4682ea-e40e-4257-a2cf-e81c810678e0,Grebys Restaurang,grebys-restaurang,Grebbestad,restaurant,hamnkrog,ChIJCV2sXj5KREYRfarRrWqjJ0k,4.3,6184587b-27c1-4970-80cd-fa88effc548d,"Restaurang Q skär, Grebbestad",restaurang-q-skar-grebbestad,Grebbestad,restaurant,hamnkrog,ChIJJctW-D5KREYR_SSkTwaDDoE,4,manuell granskning
0.37,47,8a4682ea-e40e-4257-a2cf-e81c810678e0,Grebys Restaurang,grebys-restaurang,Grebbestad,restaurant,hamnkrog,ChIJCV2sXj5KREYRfarRrWqjJ0k,4.3,acc49beb-b1ae-40ca-86e3-b57a7669ceda,Restaurang Macri,restaurang-macri,Grebbestad,restaurant,hamnkrog,ChIJ5RKgJxhKREYRkH9loU_Mu_w,4,manuell granskning
0.37,4,b88d96ba-dbd5-4ea6-8a3c-ab727776aba1,Motorverkstan Bistro & Bar,motorverkstan-bistro-bar,Stavsnäs,bar,bar|restaurant|hidden_gem,ChIJVVzSCL159UYRPj4ey_6AZUw,4.3,5878f0f9-4b39-435b-b44f-cb35712ba64c,Motorverkstan på Djurö,motorverkstan-djuro,Djurö,bar,bar|restaurant|hidden_gem,,,"behåll A (b88d96ba…), radera B"
0.36,58,ab9c5251-18bb-4016-8f12-796a432d23c7,Bakfickan Utö,bakfickan-uto,Utö,restaurant,restaurant|lunch_stop|family_stop,ChIJzQw1X3eM9UYRn1XHJfUuHuE,3.7,8457d36a-e807-4855-a678-f61bfdc7c074,Bakgården Utö,bakgarden-uto,Utö,cafe,cafe|hidden_gem|coffee,ChIJtdXqPzmL9UYRpfQ6v-B8wZA,4.6,manuell granskning
0.36,46,703de073-1be8-46d4-b7f1-4330cc6bfaa2,Öckerö gästhamn,ockero-gasthamn,Öckerö,harbor,gasthamn,,,56246205-8b02-4b82-85ab-3f61170cbe92,Öckerö Hamncafé,ockero-hamncaf,Öckerö,restaurant,hamnkrog,ChIJCxUeVISPT0YR0XU1QeqC_L4,4.3,"behåll B (56246205…), radera A"
0.35,93,4e2f34ca-4424-4dde-a84a-9e7df7c85bcc,Fjällbacka Gästhamn,fjallbacka-gasthamn,Fjällbacka,marina,marina|harbor_stop|historic,ChIJfQWhJsa0RUYRmi0SZ541QIk,2.5,89055939-33ca-46dd-a57c-fa12ac02f9b5,Fjällbacka Värdshus,fjallbacka-vardshus,Fjällbacka,restaurant,restaurant|historic|harbor_stop,,,"behåll A (4e2f34ca…), radera B"
0.35,32,6f922755-431c-47b8-9df5-0a80efcf49a0,Hälleviksstrand Hamn,halleviksstrand-hamn,Hälleviksstrand,harbor,gasthamn,ChIJyV45_h6dRUYRCrWORUviYeg,4.3,8220ef51-9e44-4886-a5c3-b222206f2477,Hälleviksstrands Grill & Glasscafé,halleviksstrands-grill-glasscaf,Hälleviksstrand,restaurant,hamnkrog,ChIJrS-6ZCOcRUYRfcosVT5NKYE,4.3,manuell granskning
0.34,107,54051aa8-133d-4184-8985-526472ed5e2b,Skärhamns gästhamn,skarhamns-gasthamn,Skärhamn,harbor,gasthamn,ChIJC6DbNlR4RUYRaPW2t17Qgm4,4.5,c32a890d-d09c-4bb5-adbe-fe43d63b28c7,Sommardröm Skärhamn,sommardrom-skarhamn,Skärhamn,restaurant,hamnkrog,ChIJWVOftlV4RUYRbGON1bfAIug,4.3,manuell granskning
0.33,0,05ff402d-a600-4eee-81cd-4e836975c3c5,Donsö gästhamn,donso-gasthamn,Donsö,harbor,gasthamn,,,e3d5f697-21dd-44a5-9c20-f4371d047753,Donsö Hamnkrog,donso-hamnkrog,Donsö,restaurant,hamnkrog,ChIJ_Q_7G1SST0YRNhQeaqJatFA,4.4,"behåll B (e3d5f697…), radera A"
0.33,60,05963d6d-a329-4c71-a480-79db136a0664,Ingmarsö Krog,ingmarso-krog,Ingmarsö,restaurant,restaurant|hidden_gem|harbor_stop,ChIJ7UlIoV9k9UYRoukCdxKU6ZY,4.4,cbee1acb-22a7-4df5-97fc-84b2c6b3b4ef,Ingmarsö Sommarbutik,ingmarso-sommarbutik,Ingmarsö,cafe,cafe|provisions|kiosk,ChIJtx6mDtll9UYRFMlEYDetkjE,3.8,manuell granskning
0.33,26,851c257a-de9a-473e-b616-d9bd970a5220,La Belle Vie Fjällbacka,la-belle-vie-fjallbacka,Fjällbacka,restaurant,hamnkrog,ChIJQWd-L_-1RUYReDRLaZijztA,4.6,e3dbee97-fe60-4cea-8e6e-9b70976c200f,Stora Hotellet Fjällbacka,stora-hotellet-fjallbacka,Fjällbacka,restaurant,hamnkrog,ChIJ34MMhsi0RUYR4FOiWdO0dbA,4.4,manuell granskning
0.33,136,d675ad86-ada9-4ef4-9e49-610930c48e52,Le Comptoir Marstrand,le-comptoir-marstrand,Marstrand,restaurant,hamnkrog,ChIJySJE7El9RUYRQSIAtdlwTFE,4.6,ca3d16e6-ebdd-428c-8d99-d6061f3c1649,Tenan Marstrand,tenan-marstrand,Marstrand,restaurant,hamnkrog,ChIJi-fO59R9RUYRo9TPFojqt6c,4.2,manuell granskning
0.33,0,703de073-1be8-46d4-b7f1-4330cc6bfaa2,Öckerö gästhamn,ockero-gasthamn,Öckerö,harbor,gasthamn,,,8cf32cd2-4e3d-4b2a-9fa3-9f65eb9348d3,Öckerö hamn drivmedel,ockero-hamn-drivmedel,Öckerö,fuel,bensin,ChIJWZgyaPePT0YR4qykgeQXTzI,4.5,"behåll B (8cf32cd2…), radera A"
0.33,12,c33560c8-e1d9-4ae7-8450-4a58bcd3348f,Sandhamns Bageriet,sandhamns-bageriet,Sandhamn,cafe,cafe|bakery|coffee,ChIJ68OHHwV09UYRd9rhpezNJGE,4.2,ba10124b-d115-4390-932f-5a644af4ac28,Sandhamns Vardshus,sandhamns-vardshus,Sandhamn,restaurant,restaurant|breakfast|harbor_stop,,,"behåll A (c33560c8…), radera B"
0.33,185,c33560c8-e1d9-4ae7-8450-4a58bcd3348f,Sandhamns Bageriet,sandhamns-bageriet,Sandhamn,cafe,cafe|bakery|coffee,ChIJ68OHHwV09UYRd9rhpezNJGE,4.2,913ae3cd-ef68-40de-852e-4e88775bf595,Sandhamns Värdshus,sandhamn-sandhamns-vardshus,Sandhamn,hotel,accommodation|bnb,ChIJv0shaRB09UYRnLQ3Jv5-Khs,4.4,manuell granskning
0.33,86,cc70527e-c790-4916-9661-bff5183496ff,Strömstad gästhamn drivmedel,stromstad-gasthamn-drivmedel,Strömstad,fuel,bensin,ChIJ81yYgC48REYRBwBu3uFNHt4,4.4,5bd3158a-2031-4da2-bfe2-2ff236583bbe,Strömstad Södra Hamn,stromstad-sodra-hamn,Strömstad,harbor,gasthamn,ChIJiZfO0rU9REYRA09We7yxSVk,4.9,manuell granskning
0.32,5,2ce8c642-8fe8-4dd5-ac03-1fcb19051f43,Bara Smör Fjällbacka,bara-smor-fjallbacka,Fjällbacka,restaurant,hamnkrog,ChIJKTSWNey1RUYRELop6OU0cKM,5,e3dbee97-fe60-4cea-8e6e-9b70976c200f,Stora Hotellet Fjällbacka,stora-hotellet-fjallbacka,Fjällbacka,restaurant,hamnkrog,ChIJ34MMhsi0RUYR4FOiWdO0dbA,4.4,manuell granskning
0.32,30,a21593c3-8abd-4166-bb80-9ab45aa6741b,Bryggan Fjällbacka,bryggan-fjallbacka-bohuslan,,restaurant,cafe,ChIJy7p8hsi0RUYR6XAUS_XAEsQ,3.9,851c257a-de9a-473e-b616-d9bd970a5220,La Belle Vie Fjällbacka,la-belle-vie-fjallbacka,Fjällbacka,restaurant,hamnkrog,ChIJQWd-L_-1RUYReDRLaZijztA,4.6,manuell granskning
0.32,0,98efe3f4-77eb-404a-8614-0418c47ac263,Marstrand drivmedel,marstrand-drivmedel,Marstrand,fuel,bensin,,,904a3c6a-a861-4faf-ba69-0671af5dc228,Marstrand gästhamn,marstrand-gasthamn,Marstrand,harbor,gasthamn,,,manuell granskning
0.32,148,904a3c6a-a861-4faf-ba69-0671af5dc228,Marstrand gästhamn,marstrand-gasthamn,Marstrand,harbor,gasthamn,,,ca3d16e6-ebdd-428c-8d99-d6061f3c1649,Tenan Marstrand,tenan-marstrand,Marstrand,restaurant,hamnkrog,ChIJi-fO59R9RUYRo9TPFojqt6c,4.2,"behåll B (ca3d16e6…), radera A"
0.32,125,1c128136-d101-4fb4-9556-1affc78af0fa,Smögen gästhamn,smogen-gasthamn,Smögen,harbor,gasthamn,ChIJTT1rLuS7RUYRjxY5mDhZijk,3.7,b2b0544e-dc44-4e78-891d-8e222e76c6da,Smögens Gästgiveri,smogens-gastgiveri,Smögen,restaurant,hamnkrog,ChIJC9LqmOa7RUYRuY5tVzUijTg,4.2,manuell granskning
0.31,151,c33560c8-e1d9-4ae7-8450-4a58bcd3348f,Sandhamns Bageriet,sandhamns-bageriet,Sandhamn,cafe,cafe|bakery|coffee,ChIJ68OHHwV09UYRd9rhpezNJGE,4.2,2b3fc0ce-0ebc-48d9-b302-0e78d29c0996,Sandhamns sjöstation,sandhamns-sjöstation,Sandhamn,fuel,fuel|service_point,ChIJES1TZbN19UYRyDjsZT2oOWU,4.3,manuell granskning
0.31,155,2b3fc0ce-0ebc-48d9-b302-0e78d29c0996,Sandhamns sjöstation,sandhamns-sjöstation,Sandhamn,fuel,fuel|service_point,ChIJES1TZbN19UYRyDjsZT2oOWU,4.3,ba10124b-d115-4390-932f-5a644af4ac28,Sandhamns Vardshus,sandhamns-vardshus,Sandhamn,restaurant,restaurant|breakfast|harbor_stop,,,"behåll A (2b3fc0ce…), radera B"
0.31,148,98efe3f4-77eb-404a-8614-0418c47ac263,Marstrand drivmedel,marstrand-drivmedel,Marstrand,fuel,bensin,,,ca3d16e6-ebdd-428c-8d99-d6061f3c1649,Tenan Marstrand,tenan-marstrand,Marstrand,restaurant,hamnkrog,ChIJi-fO59R9RUYRo9TPFojqt6c,4.2,"behåll B (ca3d16e6…), radera A"
0.31,69,969d90fd-b120-4348-9c6b-d615c5f8733a,Grinda Sea Lodge,grinda-grinda-sea-lodge,Grinda,hotel,accommodation|cabin,ChIJgd-eM0p99UYRSEaeDvtEGwY,3.3,1680a417-dbcd-4ef3-a519-5ad1e48ca8c0,Grinda Sjömack,grinda-sjomack,Grinda,fuel,fuel|service_point,ChIJGZJF5hB99UYR8yBqmFsDp1Q,3.6,manuell granskning
0.31,61,fc5104d3-9228-42d2-9266-b88430ce4c15,Restaurang Telegrafen,restaurang-telegrafen,Grebbestad,restaurant,hamnkrog,ChIJA03Dez1KREYRv1QfZAUF2Yw,4.7,5b96c68b-96ee-40dc-b4a5-4b99d794be7a,Storm Restaurang & Biograf,storm-restaurang-biograf,Grebbestad,restaurant,hamnkrog,ChIJMxzs1xdKREYRDr21ROJVz4U,4.4,manuell granskning
0.31,78,6b5d2a84-7531-41c0-b9f4-b0a31f96749b,Svartsö Handelsbod,svartsö-handelsbod,Svartsö,cafe,cafe|provisions,ChIJNV5mDE5j9UYRutbx_tltuR4,4.8,829f45c3-cb91-490b-a70d-a544a3f7e866,Svartsö Krog,svartso-krog,Svartsö,restaurant,restaurant|hidden_gem|harbor_stop,ChIJQR0b0FFj9UYRgQ1yU0KjXJU,4.4,manuell granskning
0.31,32,2ce8c642-8fe8-4dd5-ac03-1fcb19051f43,Bara Smör Fjällbacka,bara-smor-fjallbacka,Fjällbacka,restaurant,hamnkrog,ChIJKTSWNey1RUYRELop6OU0cKM,5,851c257a-de9a-473e-b616-d9bd970a5220,La Belle Vie Fjällbacka,la-belle-vie-fjallbacka,Fjällbacka,restaurant,hamnkrog,ChIJQWd-L_-1RUYReDRLaZijztA,4.6,manuell granskning
0.31,37,a21593c3-8abd-4166-bb80-9ab45aa6741b,Bryggan Fjällbacka,bryggan-fjallbacka-bohuslan,,restaurant,cafe,ChIJy7p8hsi0RUYR6XAUS_XAEsQ,3.9,e3dbee97-fe60-4cea-8e6e-9b70976c200f,Stora Hotellet Fjällbacka,stora-hotellet-fjallbacka,Fjällbacka,restaurant,hamnkrog,ChIJ34MMhsi0RUYR4FOiWdO0dbA,4.4,manuell granskning
0.31,56,acc49beb-b1ae-40ca-86e3-b57a7669ceda,Restaurang Macri,restaurang-macri,Grebbestad,restaurant,hamnkrog,ChIJ5RKgJxhKREYRkH9loU_Mu_w,4,6184587b-27c1-4970-80cd-fa88effc548d,"Restaurang Q skär, Grebbestad",restaurang-q-skar-grebbestad,Grebbestad,restaurant,hamnkrog,ChIJJctW-D5KREYR_SSkTwaDDoE,4,manuell granskning
0.30,61,8457d36a-e807-4855-a678-f61bfdc7c074,Bakgården Utö,bakgarden-uto,Utö,cafe,cafe|hidden_gem|coffee,ChIJtdXqPzmL9UYRpfQ6v-B8wZA,4.6,f535e46d-137a-4bb4-a0ef-2f6acf256bc4,Hamnboden Utö,hamnboden-uto,Utö,restaurant,provisions|harbor_stop,,,"behåll A (8457d36a…), radera B"
0.30,61,14ad0ad2-5ffd-46bc-99dd-aab75a3a7d62,Dalarö Krog,dalaro-krog,Dalarö,restaurant,restaurant|harbor_stop|lunch_stop,ChIJf90OImCG9UYRhEp2MvpXYvs,4.6,7fb6ce90-2100-437e-b714-b8f3a81db226,Dalarö Värdshus,dalaro-vardshus,Dalarö,restaurant,restaurant|dinner_stop,ChIJM27uYGCG9UYROQER_h5hrhQ,4.1,manuell granskning
0.30,94,ac52702a-f629-43d4-97ba-91f3fdeeb58a,Hamncafét Möja,hamncafet-moja,Möja,cafe,cafe|coffee|family_stop,,,87b9a788-cf09-4c3f-96e1-9cf5d9e15247,Möja Hamnbar,moja-hamnbar,Möja,bar,bar|harbor_stop|sunset_stop,ChIJpWMdFc9v9UYRBgIPaFje19s,3.9,"behåll B (87b9a788…), radera A"
0.30,63,2588baa1-572b-4d9b-bcbf-cd89e1682b04,Nynashamn Marinbransle,nynashamn-marinbransle,Nynashamn,fuel_station,fuel|marina|provisioning,ChIJk7Garp1eX0YRgVZS7VIhffM,3.8,d9ec9ed4-07ef-49f6-90ee-ac832458f1d6,Nynashamns Gasthamn,nynashamns-gasthamn,Nynashamn,marina,marina|harbor_stop|provisioning,ChIJIyakVJxeX0YRsOmGxLOSyRA,4.3,manuell granskning
0.30,182,2dab7f89-0677-4d6f-8967-0446aaf882d1,Johans Krog,johans-krog,Marstrand,restaurant,hamnkrog,ChIJcxN_49R9RUYReD2SXX8wmqo,4.4,39000738-60af-4680-a5ef-4a764774460c,Lasses Krog,lasses-krog,Klädesholmen,restaurant,hamnkrog,ChIJm5_DYtR9RUYRWD1N8oCeQ-w,3.9,manuell granskning
0.30,0,3d8409e0-ab1d-4de8-b280-b1898ba23d8d,Käringön gästhamn,karingon-gasthamn,Käringön,harbor,gasthamn,,,aa1809fc-77ef-47cd-89df-929e8d5d6d60,Käringön Pensionat,karingon-pensionat,Käringön,restaurant,hamnkrog,,,manuell granskning
0.30,95,57513732-6c37-4a76-9126-ed19bbc54d4c,Öckerö Hamn & Fiskareförening,ockero-hamn-fiskareforening,Öckerö,harbor,gasthamn,ChIJjfJMgHyPT0YRv4qKFUhDau0,4.3,56246205-8b02-4b82-85ab-3f61170cbe92,Öckerö Hamncafé,ockero-hamncaf,Öckerö,restaurant,hamnkrog,ChIJCxUeVISPT0YR0XU1QeqC_L4,4.3,manuell granskning
0.29,49,57513732-6c37-4a76-9126-ed19bbc54d4c,Öckerö Hamn & Fiskareförening,ockero-hamn-fiskareforening,Öckerö,harbor,gasthamn,ChIJjfJMgHyPT0YRv4qKFUhDau0,4.3,8cf32cd2-4e3d-4b2a-9fa3-9f65eb9348d3,Öckerö hamn drivmedel,ockero-hamn-drivmedel,Öckerö,fuel,bensin,ChIJWZgyaPePT0YR4qykgeQXTzI,4.5,manuell granskning
0.26,49,703de073-1be8-46d4-b7f1-4330cc6bfaa2,Öckerö gästhamn,ockero-gasthamn,Öckerö,harbor,gasthamn,,,57513732-6c37-4a76-9126-ed19bbc54d4c,Öckerö Hamn & Fiskareförening,ockero-hamn-fiskareforening,Öckerö,harbor,gasthamn,ChIJjfJMgHyPT0YRv4qKFUhDau0,4.3,"behåll B (57513732…), radera A"
0.26,110,05432e07-de19-4524-ba17-a73e00a4c2c5,"Restaurang Hertigen, Grebbestad",restaurang-hertigen-grebbestad,Grebbestad,restaurant,hamnkrog,ChIJm5yA2xdKREYRtEicJknOCNA,4,fc5104d3-9228-42d2-9266-b88430ce4c15,Restaurang Telegrafen,restaurang-telegrafen,Grebbestad,restaurant,hamnkrog,ChIJA03Dez1KREYRv1QfZAUF2Yw,4.7,manuell granskning
0.25,24,c62a23a8-8747-41f2-a4e8-473e20e3f793,Arholma Handel Stugor,arholma-arholma-handel-stugor,Arholma,hotel,accommodation|cabin,ChIJ84Llbi9S9UYRao0H5E0BOtk,4.4,75aa2b04-5bb0-480b-bdc5-86146ff57d76,Arholma sjömack,arholma-sjomack,Arholma,fuel,fuel|service_point,ChIJp9n2ay9S9UYROIJrDkkZA1A,4.2,manuell granskning
0.25,96,b29250ec-126d-43b6-b4c9-72de8e0523f1,Dalarö Bageri & Café,dalaro-bageri-cafe,Dalarö,cafe,cafe|bakery,ChIJ1xOcYWCG9UYR89jc-A80c6Q,4.4,14ad0ad2-5ffd-46bc-99dd-aab75a3a7d62,Dalarö Krog,dalaro-krog,Dalarö,restaurant,restaurant|harbor_stop|lunch_stop,ChIJf90OImCG9UYRhEp2MvpXYvs,4.6,manuell granskning
0.25,22,818e86d1-15e5-4018-bc4c-23bdeaac3332,Namndö Gasthamn,namndö-gasthamn,Namndö,marina,marina|harbor_stop|bilfri,ChIJLQuRleGc9UYRp7zNaWAu960,4.2,f2d53998-bfe8-46f7-8047-7a7c53060157,Namndö Restaurang,namndö-restaurang,Namndö,restaurant,restaurang,,,"behåll A (818e86d1…), radera B"
0.25,81,c33560c8-e1d9-4ae7-8450-4a58bcd3348f,Sandhamns Bageriet,sandhamns-bageriet,Sandhamn,cafe,cafe|bakery|coffee,ChIJ68OHHwV09UYRd9rhpezNJGE,4.2,2d93b270-8334-4a7d-922d-df030830bdd1,Sandhamns Glassigaste Ställe,sandhamns-glassigaste-stalle,Sandhamn,cafe,cafe|family_stop,ChIJbyNuqhR19UYRGczqP2GFdo0,3.4,manuell granskning
0.25,68,2d93b270-8334-4a7d-922d-df030830bdd1,Sandhamns Glassigaste Ställe,sandhamns-glassigaste-stalle,Sandhamn,cafe,cafe|family_stop,ChIJbyNuqhR19UYRGczqP2GFdo0,3.4,ba10124b-d115-4390-932f-5a644af4ac28,Sandhamns Vardshus,sandhamns-vardshus,Sandhamn,restaurant,restaurant|breakfast|harbor_stop,,,"behåll A (2d93b270…), radera B"
0.24,17,e61ac984-b972-43d2-8ac2-dc290807e068,Gällnö Bar,gallno-bar,Gällnö,bar,bar|harbor_stop|hidden_gem,ChIJ1R1Vx4J89UYR7oPNdAoQRVU,4.5,6d5bc24d-8b71-4387-9d3f-9fc5ac4e3578,Gällnö Handelsbod café,gallno-handelsbod-cafe,Gällnö,cafe,cafe|provisions|coffee|hidden_gem,,,"behåll A (e61ac984…), radera B"
0.24,180,2d93b270-8334-4a7d-922d-df030830bdd1,Sandhamns Glassigaste Ställe,sandhamns-glassigaste-stalle,Sandhamn,cafe,cafe|family_stop,ChIJbyNuqhR19UYRGczqP2GFdo0,3.4,2b3fc0ce-0ebc-48d9-b302-0e78d29c0996,Sandhamns sjöstation,sandhamns-sjöstation,Sandhamn,fuel,fuel|service_point,ChIJES1TZbN19UYRyDjsZT2oOWU,4.3,manuell granskning
0.23,11,6d5bc24d-8b71-4387-9d3f-9fc5ac4e3578,Gällnö Handelsbod café,gallno-handelsbod-cafe,Gällnö,cafe,cafe|provisions|coffee|hidden_gem,,,5751992a-f546-4daa-b5ae-de98de8893d2,Gällnö Krog,gallno-krog,Gällnö,restaurant,,,,manuell granskning
0.23,117,1933dbae-ea7b-4062-901d-97722239c077,Ellös badplats,ellos-badplats,,beach,,ChIJHRmCX26fRUYRAeOsJYozO5g,4.4,fa2b973d-6975-4728-a39e-27ec25790b73,Ellös havscafe,ellos-havscafe,Ellös,restaurant,hamnkrog,ChIJ5QUtDbOfRUYRc4akD20cta0,4,manuell granskning
0.23,102,95da4ee5-1912-4c4d-8237-ff93a6b3a49e,Fotö Bastu,foto-bastu,,sauna,,ChIJ102-X3uPT0YRZ4o0L22JbBU,4.7,655eb581-f86f-41c7-9103-c5f7795f67e0,Fotö Gästhamn,foto-gasthamn,Fotö,harbor,gasthamn,ChIJm8TdaO-PT0YRMQlCLiRaXRk,4.4,manuell granskning
0.23,44,0cf36faf-2d1f-4146-bd81-d51f466d88ce,Möja Bageri,moja-bageri,Möja,cafe,cafe|bakery|provisions,ChIJqae_gNpv9UYRaWK4Y6He2Bk,4.2,87b9a788-cf09-4c3f-96e1-9cf5d9e15247,Möja Hamnbar,moja-hamnbar,Möja,bar,bar|harbor_stop|sunset_stop,ChIJpWMdFc9v9UYRBgIPaFje19s,3.9,manuell granskning
0.23,106,c4b00235-3356-4122-b03a-0586c0754e93,Orno Krog,orno-krog,Orno,restaurant,restaurang,ChIJg9GyWBaP9UYRKO1r9dtTHwA,4,1b1d0cbf-ef8e-454c-a742-0b8d1a35aac0,Orno Naturhamn,orno-naturhamn,Orno,anchorage,anchorage|nature,ChIJ8wAU0tKO9UYRIWf3EB9Y738,4.5,manuell granskning
0.23,0,cfdb32f3-2b2f-4b49-912f-ab8474f66588,Stavsnäs Båtvarv & Sjömack,stavsnäs-batvart-sjomack,Stavsnäs,fuel,fuel|service_point,ChIJt3U1CDR_9UYRtuNUyi0hLgE,4.3,15d56129-4c06-4cf4-89a1-80ce5adfd79b,Stavsnäs Restaurang & Bar,stavsnas-restaurang-bar,Värmdö,restaurant,,ChIJHzPwVJd59UYRELZnkCdOE6I,3.9,manuell granskning
0.22,157,b29250ec-126d-43b6-b4c9-72de8e0523f1,Dalarö Bageri & Café,dalaro-bageri-cafe,Dalarö,cafe,cafe|bakery,ChIJ1xOcYWCG9UYR89jc-A80c6Q,4.4,7fb6ce90-2100-437e-b714-b8f3a81db226,Dalarö Värdshus,dalaro-vardshus,Dalarö,restaurant,restaurant|dinner_stop,ChIJM27uYGCG9UYROQER_h5hrhQ,4.1,manuell granskning
0.21,70,7ef32046-0f68-4d3f-ae94-9cde0ec13c17,Donsö Fiskrökeri,donso-fiskrokeri,Donsö,restaurant,fish|take_away|local,ChIJm5UrNRCTT0YRiE0zZM2NUhw,4.9,05ff402d-a600-4eee-81cd-4e836975c3c5,Donsö gästhamn,donso-gasthamn,Donsö,harbor,gasthamn,,,"behåll A (7ef32046…), radera B"
0.21,70,7ef32046-0f68-4d3f-ae94-9cde0ec13c17,Donsö Fiskrökeri,donso-fiskrokeri,Donsö,restaurant,fish|take_away|local,ChIJm5UrNRCTT0YRiE0zZM2NUhw,4.9,e3d5f697-21dd-44a5-9c20-f4371d047753,Donsö Hamnkrog,donso-hamnkrog,Donsö,restaurant,hamnkrog,ChIJ_Q_7G1SST0YRNhQeaqJatFA,4.4,manuell granskning
0.21,0,5f973a6b-11b1-4a00-adb1-71bfa45af3d2,Hönö Bastuförening,hono-bastuforening,Hönö,sauna,bastu,,,4fc66554-8eac-42eb-9064-04c595b75dc4,Hönö Sjökrog,hono-sjokrog,Hönö,restaurant,hamnkrog,,,manuell granskning
0.19,111,f4ec2b36-f946-4c54-9f22-78568a20a3e6,Grinda Lanthandel & Café,grinda-lanthandel-cafe,Grinda,cafe,cafe|provisions|coffee|family_stop,ChIJGaC4ihp99UYRrEAlSRIfY0w,4.1,33669ea0-fd87-4b7f-9606-f9f411ca14bf,Grinda Wärdshus,grinda-wardshus,Grinda,restaurant,restaurant|lunch_stop|traditionsrik|accommodation|hotel,ChIJDz6D7h2EX0YRV8TSQ4aO5Lk,4,manuell granskning
0.19,0,a2c8db78-6f99-4d6f-8348-8d98c842f0be,Stavsnäs Hembageri Sommarhamn,stavsnäs-hembageri,Stavsnäs,cafe,cafe|bakery|coffee,ChIJ8XV9RbZ59UYRoLjE3gApRJs,4.4,15d56129-4c06-4cf4-89a1-80ce5adfd79b,Stavsnäs Restaurang & Bar,stavsnas-restaurang-bar,Värmdö,restaurant,,ChIJHzPwVJd59UYRELZnkCdOE6I,3.9,manuell granskning
0.18,49,cdab55c1-5bee-4b9f-93bc-fa56df9ad127,Nämdö Handelsbod & Café,namdö-handelsbod-cafe,Nämdö,cafe,cafe|provisions|harbor_stop,ChIJNTmiV5qd9UYR1zPTwJjkTXg,4.3,524bb7dc-2dc6-4f4b-8470-17b0c6aee939,Nämdö Macken,namdo-macken,Nämdö,fuel,fuel|service_point,ChIJL-Lhw-Gc9UYR-cIeDDBtdBA,3.5,manuell granskning
0.18,0,cfdb32f3-2b2f-4b49-912f-ab8474f66588,Stavsnäs Båtvarv & Sjömack,stavsnäs-batvart-sjomack,Stavsnäs,fuel,fuel|service_point,ChIJt3U1CDR_9UYRtuNUyi0hLgE,4.3,a2c8db78-6f99-4d6f-8348-8d98c842f0be,Stavsnäs Hembageri Sommarhamn,stavsnäs-hembageri,Stavsnäs,cafe,cafe|bakery|coffee,ChIJ8XV9RbZ59UYRoLjE3gApRJs,4.4,manuell granskning
0.17,0,b3dea1ba-3cef-412e-88fa-37d3366a5e12,Blidö Brygga & Bistro,blido-brygga-bistro,Blidö,restaurant,restaurant|harbor_stop|lunch_stop,ChIJX-Fuf6Fd9UYRsVHKZ8C53SI,3.7,7a08390a-bfea-4491-b91b-62333c128f2f,Blidö Sommarcafé,blido-sommarcafe,Blidö,cafe,cafe,ChIJ9ZFoAwBd9UYRjew4PsV8KuU,4.8,manuell granskning
0.17,0,74f43f28-bec0-46af-9597-84b6abf1dfdb,Hönö Klåva gästhamn,hono-klava-gasthamn,Hönö,harbor,gasthamn,,,4fc66554-8eac-42eb-9064-04c595b75dc4,Hönö Sjökrog,hono-sjokrog,Hönö,restaurant,hamnkrog,,,manuell granskning
0.16,36,faaaf5d0-613f-4afa-8703-044f026be71e,Hönö Klåva drivmedel,hono-klava-drivmedel,Hönö,fuel,bensin,ChIJcc9f_JGPT0YRv4lTZc6-6xA,4.6,9bd9d14e-8437-4a74-99ab-224c86015446,Hönö Pizzeria,hono-pizzeria,Hönö,restaurant,hamnkrog,ChIJ87qI-pGPT0YRS6SzyKWo37o,4.3,manuell granskning
0.16,107,be2fc51d-5f48-431c-bbda-c661142552f3,Ornö Brödbod o Deli,orno-brodbod-deli,Ornö,cafe,cafe|bakery|provisions|hidden_gem,ChIJScflbROP9UYRVzCmjcSp9OA,4.9,1a3ffa9d-af9c-4134-96e5-8cf0add87d52,Ornö Hamnkiosk,orno-hamnkiosk,Ornö,cafe,cafe|kiosk,ChIJc7pcNgqP9UYRGWkkkgSgGqw,5,manuell granskning
0.15,193,ab93a1f7-bcb4-45f5-bc86-31303ea307ea,Café Ankaret,cafe-ankaret,Sandhamn,cafe,cafe|coffee|family_stop,ChIJFVA1rQV09UYRCDt5S3mpDNU,4.6,e345ef59-8b0f-49d4-93b5-27862e81033d,Café Strindbergsgården,cafe-strindbergsgarden,Sandhamn,cafe,cafe|coffee|hidden_gem,ChIJ0wJoUwR09UYR5LcGchumH5Y,3.4,manuell granskning
0.14,0,5f973a6b-11b1-4a00-adb1-71bfa45af3d2,Hönö Bastuförening,hono-bastuforening,Hönö,sauna,bastu,,,74f43f28-bec0-46af-9597-84b6abf1dfdb,Hönö Klåva gästhamn,hono-klava-gasthamn,Hönö,harbor,gasthamn,,,manuell granskning
0.13,81,05bec40e-3d67-4714-bdcc-64aeb46dbb07,Utö Bakficka,uto-bakficka,Utö,restaurant,,,,a0ee67e8-fa8a-4663-ba90-c69712b13a7f,Utö Gästhamn sjömack,uto-gasthamn-sjomack,Utö,fuel,fuel|service_point,ChIJ-3oT2XeM9UYRSLBfN9DzLPU,4.3,"behåll B (a0ee67e8…), radera A"